Type,MapIdx,Cells,Jaccard,GT Loss,Pred Loss
8,24,50,0.222222,0.000000,-294.402150
8,25,50,0.222222,0.000000,-609.631488
