Type,MapIdx,Cells,Jaccard,GT Loss,Pred Loss,Edge_Jaccard,IM_similarity
6,2,50,0.333333,-620.489634,-397.292440,0.400000,0.829155
6,3,50,0.000000,-495.510149,-348.341306,0.000000,1.000000
6,4,50,0.333333,-676.826956,-876.242733,0.555556,0.815872
6,5,50,0.000000,-435.000516,-293.376850,0.000000,1.000000
6,6,50,0.000000,-517.265344,-548.480917,0.166667,0.789144
