Type,MapIdx,Cells,Jaccard,GT Loss,Pred Loss,Edge_Jaccard,IM_similarity
6,2,100,0.000000,-595.067637,-574.083850,0.083333,0.861511
6,3,100,0.000000,-386.118290,-237.563153,0.083333,0.850368
6,4,100,0.000000,-717.522108,-568.966971,0.083333,0.866891
6,5,100,0.000000,-418.899711,-277.276045,0.000000,1.000000
6,6,100,0.333333,-536.563117,-442.513544,0.647059,0.797511
