Type,MapIdx,Cells,Jaccard,GT Loss,Pred Loss,Edge_Jaccard,IM_similarity
14,2,50,0.470588,-3069.452401,-2491.713591,0.630435,0.894866
14,3,50,0.266667,-2240.781043,-2474.878554,0.461538,0.911802
14,4,50,0.375000,-2097.785696,-1935.754236,0.536585,0.898528
14,5,50,0.375000,-2086.517325,-2585.360756,0.581395,0.925151
14,6,50,0.266667,-2141.477373,-2198.186833,0.500000,0.937310
