Folder,Jaccard
0002,0.333333
0003,0.571429
0004,0.571429
0005,0.571429
0006,0.571429
0007,0.571429
0008,0.333333
0009,0.333333
0010,0.571429
0011,0.571429
